Name,Price,URL,Image,Condition,Car Make,Model,Trim,Year,Kilometers,Body Type,Number of Seats,Fuel,Transmission,Engine Size (cc),Exterior Color,Interior Color,Regional Specs,Car License,Insurance,Body Condition,Paint,Payment Method,City,Neighborhood,Category,Subcategory,Interior Options,Exterior Options,Technology Options,VIN Number
للبيع فقط كرايسلر 8 سلندر رقم1 فول,"1,750 OMR",https://om.opensooq.com/en/search/284867070,https://opensooq-images.os-cdn.com/previews/2048x0/4d/10/4d103c1d510f9d791040a47cc9a41704b3ae65a7ec42506ff247ae8fabe5729e.heic,Used,Chrysler,300,300S v8,2013,15555,Sedan,,Gasoline,,,,,American Specs,,,,,,Buraimi,Al Buraimi,Autos,Cars For Sale,,,,
من دون حوادث كلين تايتل BMW 330i,"8,800 OMR",https://om.opensooq.com/en/search/284862420,https://opensooq-images.os-cdn.com/previews/2048x0/34/e5/34e5d341c38385362a0f2d51549968000ec4778822ee28aa56ab3976fd41e6ea.jpg,Used,BMW,3 Series,330i xDrive,2019,116000,Sedan,,Gasoline,,,,,American Specs,,,,,,Muscat,Seeb,Autos,Cars For Sale,,,,
لكزس 430 موديل 2001,"1,400 OMR",https://om.opensooq.com/en/search/284874904,https://opensooq-images.os-cdn.com/previews/2048x0/4a/d2/4ad24ada482b842c9812aaa59661e73226c3e02ccc4c29880a8f9d75d6622fc2.jpg,Used,Lexus,LS,LS 430,2001,5000,Sedan,,Gasoline,,,,,American Specs,,,,,,Al Sharqiya,Ja'alan Bani Bu Ali,Autos,Cars For Sale,,,,
اكورد SE2025 شبه زيرو,"8,000 OMR",https://om.opensooq.com/en/search/284874786,https://opensooq-images.os-cdn.com/previews/2048x0/a5/4d/a54d90f16b011699f36b82b7ad29cd63843fea45b0fc809847a9906ea282e76e.jpg,Used,Honda,Accord,Sport,2025,2000,Sedan,,Gasoline,,,,,American Specs,,,,,,Al Batinah,Barka,Autos,Cars For Sale,,,,
لكزس es 330 موديل 2005 نظيف جدا جدا بدون مشاكل,"1,400 OMR",https://om.opensooq.com/en/search/284874722,https://opensooq-images.os-cdn.com/previews/2048x0/5a/4d/5a4d7ca9b303dac03fbf283817e36b9357172c8fdbbda7d37d50fb79069e278c.jpg,Used,Lexus,ES,ES 300,2005,290000,Sedan,,Gasoline,,,,,American Specs,,,,,,Al Dakhiliya,Izki,Autos,Cars For Sale,,,,
GMC Terrain SLE 2016 for Sale at 1750 OMR,"1,750 OMR",https://om.opensooq.com/en/search/284874638,https://opensooq-images.os-cdn.com/previews/2048x0/1d/da/1dda958b4c3422aeb46d845a92a14fff745845f8a42c65cd438d29c2a6334ba9.jpg,Used,GMC,Terrain,SLE,2016,230000,SUV,,Gasoline,,,,,GCC Specs,,,,,,Muscat,Al Khuwair,Autos,Cars For Sale,,,,
للبيع :لكسزز430 ال اس 2002,"1,750 OMR",https://om.opensooq.com/en/search/284874590,https://opensooq-images.os-cdn.com/previews/2048x0/96/41/96417dbb520fcb737b4e5e5ef7e041b78c424988436e74b0eeada08c899a6aee.jpg,Used,Lexus,LS,LS 430,2002,167264,Sedan,,Gasoline,,,,,American Specs,,,,,,Al Batinah,Saham,Autos,Cars For Sale,,,,
Toyota hiace bus for rent تويوتا هايس باص للإيجار,300 OMR,https://om.opensooq.com/en/search/284874184,https://opensooq-images.os-cdn.com/previews/2048x0/de/0e/de0ec48dcfa5706c907ba447607e6c8e4df0f6df230f67229cf0607c38f3fb0c.jpg,Used,Toyota,Hiace,Standard,2013,300000,,,Gasoline,,,,,GCC Specs,,,,,,Muscat,Al-Hail,Autos,Cars For Sale,,,,
لكسز ls430,"1,300 OMR",https://om.opensooq.com/en/search/284873998,https://opensooq-images.os-cdn.com/previews/2048x0/fb/6c/fb6c45a9e484b8c23d1038331631f3414e2f3a85f2775cbca5f35868fc3a3b67.jpg,Used,Lexus,LS,LS 430,2001,300000,Sedan,,Gasoline,,,,,Japanese Specs,,,,,,Al Sharqiya,Ibra,Autos,Cars For Sale,,,,
Toyota Yaris IA 2018,"2,800 OMR",https://om.opensooq.com/en/search/284756200,https://opensooq-images.os-cdn.com/previews/2048x0/02/34/0234cb8581f2f0bb86a225e9623edd86f7313dc69b7e7b92d82998e08191225f.jpg,Used,Toyota,Yaris,IA,2018,158000,Sedan,,Gasoline,,,,,American Specs,,,,,,Muscat,Al-Hail,Autos,Cars For Sale,,,,
نيسان صني موديل 2019,"1,700 OMR",https://om.opensooq.com/en/search/284873904,https://opensooq-images.os-cdn.com/previews/2048x0/0d/69/0d69fdc63fbe47cfb171ad2581322cde1869811d00d8d953b81419010abf4328.jpg,Used,Nissan,Sunny,S,2019,330000,Sedan,,Gasoline,,,,,GCC Specs,,,,,,Muscat,Wadi Al Kabir,Autos,Cars For Sale,,,,
التيما بلاتينيوم وارد 2019,"4,000 OMR",https://om.opensooq.com/en/search/284873846,https://opensooq-images.os-cdn.com/previews/2048x0/e8/62/e862f1c6cfadfe1e22dddf2e831c9ff6bc8d65ba16ec639ff20bd2a017767621.jpg,Used,Nissan,Altima,SL,2019,190000,Sedan,,Gasoline,,,,,American Specs,,,,,,Muscat,Wadi Al Kabir,Autos,Cars For Sale,,,,
kia rio 2011 for sale,620 OMR,https://om.opensooq.com/en/search/284873454,https://opensooq-images.os-cdn.com/previews/2048x0/c3/3e/c33e4e5b30255607067f4ccd249ed9f43595dd6865f900dd46861e6bbe657682.jpg,Used,Kia,Rio,S,2011,349000,Sedan,,Gasoline,,,,,GCC Specs,,,,,,Muscat,Azaiba,Autos,Cars For Sale,,,,
نيسان التيما للبيع,"1,950 OMR",https://om.opensooq.com/en/search/284872936,https://opensooq-images.os-cdn.com/previews/2048x0/9f/5c/9f5c14cd840497bc9583cfc7ac85c9d2ad3c680d89b54c22c852a951e41f4a54.jpg,Used,Nissan,Altima,S,2016,300000,Sedan,,Gasoline,,,,,American Specs,,,,,,Muscat,Seeb,Autos,Cars For Sale,,,,
النترا موديل 2012,"1,350 OMR",https://om.opensooq.com/en/search/284872684,https://opensooq-images.os-cdn.com/previews/2048x0/d9/4a/d94ac9e441b9709375bbef7ef8c558142ff801d375b0ad35d75ea2648a4b3d8d.jpg,Used,Hyundai,Elantra,GLS,2012,236000,Sedan,,Gasoline,,,,,GCC Specs,,,,,,Dhofar,Salala,Autos,Cars For Sale,,,,
لكزس ES 350 موديل 2020  للبيع,"9,700 OMR",https://om.opensooq.com/en/search/284872274,https://opensooq-images.os-cdn.com/previews/2048x0/06/98/069810f3438e0e345d386631e0b51d425987529448b53b91b81370c5ff6354f3.jpg,Used,Lexus,ES,ES 350,2020,134000,Sedan,,Gasoline,,,,,American Specs,,,,,,Al Batinah,Suwaiq,Autos,Cars For Sale,,,,
X3 GCC 2012 خليجي,"1,300 OMR",https://om.opensooq.com/en/search/284872218,https://opensooq-images.os-cdn.com/previews/2048x0/6b/2b/6b2b221a5eb694f34a9cdcd663ca911cc6d1851a8f5f48ee55c9ac0e19569bd9.jpg,Used,BMW,X3 Series,X3 xDrive30i,2012,400000,SUV,,Gasoline,,,,,GCC Specs,,,,,,Muscat,Bosher,Autos,Cars For Sale,,,,
نيسان Z350 2006,"1,250 OMR",https://om.opensooq.com/en/search/284871784,https://opensooq-images.os-cdn.com/previews/2048x0/f3/0b/f30bd97225b9603d525dfc0f86a0ee10d4e260e99b62439f4742d2a81401eec1.jpg,Used,Nissan,Z,350,2006,120000,Coupe,,Gasoline,,,,,American Specs,,,,,,Muscat,Bosher,Autos,Cars For Sale,,,,
Cherry Arizona 5 Urgent Sale,"3,600 OMR",https://om.opensooq.com/en/search/284557810,https://opensooq-images.os-cdn.com/previews/2048x0/b9/03/b903a9359520c95f1e699027decc2215552bb1d96f510380184804d9d460da7b.jpg,New,Chery,Arrizo,Arrizo 5,2026,500,Coupe,,Gasoline,,,,,GCC Specs,,,,,,Muscat,Wadi Al Kabir,Autos,Cars For Sale,,,,
رنج سبورت خليجي 2014,"6,200 OMR",https://om.opensooq.com/en/search/284871622,https://opensooq-images.os-cdn.com/previews/2048x0/c6/de/c6de17d558030d569125dca2b236084c65d324e6e41670a972484c0b5d0e2fd4.jpg,Used,Land Rover,Range Rover Sport,HSE,2014,250000,SUV,,Gasoline,,,,,GCC Specs,,,,,,Muscat,Bosher,Autos,Cars For Sale,,,,
افلون 2015 للبيع,"3,800 OMR",https://om.opensooq.com/en/search/284870882,https://opensooq-images.os-cdn.com/previews/2048x0/75/36/753629b61020833647496a583a4f4e8295b37c619775f32d26cb10243e146921.jpg,Used,Toyota,Avalon,XLE,2015,400000,Sedan,,Gasoline,,,,,American Specs,,,,,,Al Batinah,Saham,Autos,Cars For Sale,,,,
دودج دورانجوا خليجي رقم 1فل اوبشن موديل 2011سلندر8,"1,550 OMR",https://om.opensooq.com/en/search/284870522,https://opensooq-images.os-cdn.com/previews/2048x0/64/60/6460a4f64d9d08af32003ecc42df31a143c2c2636d5f0b35023ebb3aa10acea5.jpg,Used,Dodge,Durango,Crew,2011,360000,SUV,,Gasoline,,,,,GCC Specs,,,,,,Muscat,Amerat,Autos,Cars For Sale,,,,
ماذدا cx9  2012  للبيع,"1,700 OMR",https://om.opensooq.com/en/search/284870594,https://opensooq-images.os-cdn.com/previews/2048x0/3d/f5/3df506734de284760aa7ce4f1bd5a1ab151ae9567914b05fa48fa1cfea084837.jpg,Used,Mazda,CX-9,Standard,2012,200000,SUV,,Gasoline,,,,,GCC Specs,,,,,,Muscat,Al Maabilah,Autos,Cars For Sale,,,,
أودي a6  للبيع  2013,"1,800 OMR",https://om.opensooq.com/en/search/284870542,https://opensooq-images.os-cdn.com/previews/2048x0/f5/38/f5386596ee43d1f908d4e5cc9be45e2f3f0becee9d814ad481af97716ca64075.jpg,Used,Audi,A6,Standard,2012,200000,Sedan,,Gasoline,,,,,GCC Specs,,,,,,Muscat,Al Maabilah,Autos,Cars For Sale,,,,
تيوتا كرولا 2008 خليجي,"1,000 OMR",https://om.opensooq.com/en/search/284870488,https://opensooq-images.os-cdn.com/previews/2048x0/c6/cd/c6cd49ecdeaa17a9b3a00eaac3283ecf8e3a237d5f856a58f50c61f0fab532b1.jpg,Used,Toyota,Corolla,LE,2008,200000,Sedan,,Gasoline,,,,,GCC Specs,,,,,,Al Batinah,Saham,Autos,Cars For Sale,,,,
كرايسلر 300 2008,800 OMR,https://om.opensooq.com/en/search/284870422,https://opensooq-images.os-cdn.com/previews/2048x0/3d/b1/3db19641fb5ac6514ee5e02bf02292098913b4c194df55ada2b2cc5ffd8e2099.jpg,Used,Chrysler,300,300S v8,2008,200000,Sedan,,Gasoline,,,,,GCC Specs,,,,,,Muscat,Al Maabilah,Autos,Cars For Sale,,,,
ايفوك 2015  للبيع,"3,000 OMR",https://om.opensooq.com/en/search/284870374,https://opensooq-images.os-cdn.com/previews/2048x0/12/b1/12b110d0605dd762aaa6d5e35cebade8f2316175e18bf544da92c3930c1c06ec.jpg,Used,Land Rover,Range Rover Evoque,Standard,2015,200000,SUV,,Gasoline,,,,,GCC Specs,,,,,,Muscat,Al Maabilah,Autos,Cars For Sale,,,,
كامري 98للبيع فقط,"1,200 OMR",https://om.opensooq.com/en/search/284870032,https://opensooq-images.os-cdn.com/previews/2048x0/eb/34/eb34a17de793e5a0aa4b601deba947231d99ea58d082adae459967d3b159d117.jpg,Used,Toyota,Camry,GL,1998,20000,Sedan,,Gasoline,,,,,American Specs,,,,,,Al Dhahirah,Ibri,Autos,Cars For Sale,,,,
كامري 2003,950 OMR,https://om.opensooq.com/en/search/284870008,https://opensooq-images.os-cdn.com/previews/2048x0/00/e9/00e9f2b585ba9416bd3e59feadfe663e9e540f3a71de867e4d27092746f3c27d.jpg,Used,Toyota,Camry,LE,2003,400000,Sedan,,Gasoline,,,,,American Specs,,,,,,Buraimi,Al Buraimi,Autos,Cars For Sale,,,,
اودي Audi TT خليجي وكالة عمان بدون حوادث السياره نظيفة جدا 2012,"2,700 OMR",https://om.opensooq.com/en/search/284869946,https://opensooq-images.os-cdn.com/previews/2048x0/76/a3/76a324c4deb86c8d64e77badda42c21efe45ceffc6030369c2a2191abb2c78b6.jpg,Used,Audi,TT,TT,2012,230000,Coupe,,Gasoline,,,,,GCC Specs,,,,,,Muscat,Al Mawaleh,Autos,Cars For Sale,,,,
دودج رام موديل 2020,"9,900 OMR",https://om.opensooq.com/en/search/284869822,https://opensooq-images.os-cdn.com/previews/2048x0/a7/8c/a78ca1e73318b37c252b7a7961a40dc5a50183813a64ea91c88c36293080d196.jpg,Used,Dodge,Ram,Laramie,2020,170000,PickUp,,Gasoline,,,,,American Specs,,,,,,Al Batinah,Barka,Autos,Cars For Sale,,,,
لكزس استيشن LX470,"1,000 OMR",https://om.opensooq.com/en/search/284869732,https://opensooq-images.os-cdn.com/previews/2048x0/62/fc/62fce3619172a3fb98647d5c20ef28b6c18a8bba2f5f15716d1b35332d2ae78c.jpg,Used,Lexus,LX,LX 470,1998,4000,SUV,,Gasoline,,,,,GCC Specs,,,,,,Al Batinah,Saham,Autos,Cars For Sale,,,,
مرسيدس C200 موديل 2015 خليجي وكالة الزواوي,"2,800 OMR",https://om.opensooq.com/en/search/284869524,https://opensooq-images.os-cdn.com/previews/2048x0/13/6b/136b487055c3424b52e7ee16ac9ad07ef70903e04e3110a99ccb30c0e48ac101.jpg,Used,Mercedes Benz,C-Class,C 200,2015,191000,Sedan,,Gasoline,,,,,GCC Specs,,,,,,Muscat,Al Khuwair,Autos,Cars For Sale,,,,
نيسان ارمادا بلاتينيوم محول نيسان باترول الشكل الجديد,"8,900 OMR",https://om.opensooq.com/en/search/284868920,https://opensooq-images.os-cdn.com/previews/2048x0/4b/09/4b09d673e1ee10d535edb34ae125867bcbe022b6b8218e0bc8073f3b51e78be3.jpg,Used,Nissan,Armada,Platinum,2017,150000,SUV,,Gasoline,,,,,American Specs,,,,,,Al Batinah,Sohar,Autos,Cars For Sale,,,,
تويوتا لاند كلوزر ديزل,"6,000 OMR",https://om.opensooq.com/en/search/284868878,https://opensooq-images.os-cdn.com/previews/2048x0/40/6b/406b49b21a67b21533e5087671db1c1cd5ea4f9343532796f8af21f33ea8f321.jpg,Used,Toyota,Land Cruiser,GX,2013,130000,SUV,,Diesel,,,,,GCC Specs,,,,,,Muscat,Ansab,Autos,Cars For Sale,,,,
سيارة للبيع,"6,750 OMR",https://om.opensooq.com/en/search/284868294,https://opensooq-images.os-cdn.com/previews/2048x0/b9/e3/b9e3ffca3b1217069a3669d11487d154322b291483f56466d4dae5a5dd654420.jpg,Used,Chevrolet,Suburban,"2,500 LTZ",2016,177000,SUV,,Gasoline,,,,,American Specs,,,,,,Muscat,Ghubrah,Autos,Cars For Sale,,,,
خليجي من المالك الاول Gmc   يوكن 2011,"2,600 OMR",https://om.opensooq.com/en/search/284867754,https://opensooq-images.os-cdn.com/previews/2048x0/6f/0a/6f0a744ebf951fe181c005e96d753241c137df2d6a33a190e64d924c5b26600e.jpg,Used,GMC,Yukon,AT4,2011,300000,SUV,,Gasoline,,,,,GCC Specs,,,,,,Al Dakhiliya,Sumail,Autos,Cars For Sale,,,,
تويوتا كامري تورنج سته جير عادي 2002,"1,350 OMR",https://om.opensooq.com/en/search/284867712,https://opensooq-images.os-cdn.com/previews/2048x0/22/d2/22d20c7728fe23f1fc1ca2ed8038edbd0817ec0d5279ae2f6dc6f2c6c0fa961d.jpg,Used,Toyota,Camry,GL,2002,366000,Sedan,,Gasoline,,,,,GCC Specs,,,,,,Al Batinah,Rustaq,Autos,Cars For Sale,,,,
هيونداي سنتافي 2014,"2,300 OMR",https://om.opensooq.com/en/search/284867630,https://opensooq-images.os-cdn.com/previews/2048x0/f8/f2/f8f2e3180eb8bff9218849a637ca64b544d7e516a5742a7f0f4ad300c853a73e.heic,Used,Hyundai,Santa Fe,Standard,2014,200000,SUV,,Gasoline,,,,,GCC Specs,,,,,,Muscat,Qurm,Autos,Cars For Sale,,,,
لكسز مديل 2005,"1,600 OMR",https://om.opensooq.com/en/search/284866674,https://opensooq-images.os-cdn.com/previews/2048x0/20/0e/200e8dd3899435af355c839607ef6de1d3c3718d94b50fac547071f4987f85d5.jpg,Used,Lexus,ES,ES 300,2005,200000,Sedan,,Gasoline,,,,,American Specs,,,,,,Al Sharqiya,Ja'alan Bani Bu Ali,Autos,Cars For Sale,,,,
نيسان أرمادا 2023,"15,000 OMR",https://om.opensooq.com/en/search/284867156,https://opensooq-images.os-cdn.com/previews/2048x0/67/66/676677af3cc98f904ffb2fbefa145dffdb34d6e93282a83bcb0e7bd3cc809508.jpg,Used,Nissan,Armada,SL,2023,50000,SUV,,Gasoline,,,,,American Specs,,,,,,Muscat,Al Mawaleh,Autos,Cars For Sale,,,,
جمس سيرا 2012 خليجي,"3,500 OMR",https://om.opensooq.com/en/search/284866608,https://opensooq-images.os-cdn.com/previews/2048x0/e3/ab/e3aba39929b0da9976ce2c581d56ea91411ac9ab54606f515aa74ceafdca3e63.jpg,Used,GMC,Sierra,"1,500 SLE",2012,453838,PickUp,,Gasoline,,,,,GCC Specs,,,,,,Al Dhahirah,Dhank,Autos,Cars For Sale,,,,
البيع او بدل لانسر 2017 أربع سلندر,"1,750 OMR",https://om.opensooq.com/en/search/284866816,https://opensooq-images.os-cdn.com/previews/2048x0/35/c5/35c5da389f8f44ea095de624d1fefab16562d5ff829451f9ad976be447135180.jpg,Used,Nissan,Tiida,,2017,2000,Coupe,,Gasoline,,,,,Japanese Specs,,,,,,Al Batinah,Sohar,Autos,Cars For Sale,,,,
نسيان روج sv 2026 فورويل,"7,500 OMR",https://om.opensooq.com/en/search/284866314,https://opensooq-images.os-cdn.com/previews/2048x0/d5/2a/d52abcd46f9c7cb6c7c741aaa7cc0d4177c5b12bfc085944893b99ab56ad2291.jpg,Used,Nissan,Rogue,SV,2026,2000,SUV,,Gasoline,,,,,American Specs,,,,,,Muscat,Al Mawaleh,Autos,Cars For Sale,,,,
مرسيدس موديل 2003 مستعمل لون فضي خدوش بسييييييطه.      ااااااااااااااااااااااااااااااااااااااااااااا,"1,000 OMR",https://om.opensooq.com/en/search/284865886,https://opensooq-images.os-cdn.com/previews/2048x0/9d/60/9d60e19cbf3735b505b838af138cbc0bc395254918551cbcd0de9a804b8c94c1.jpg,Used,Mercedes Benz,E-Class,E 240,2003,312000,Sedan,,Gasoline,,,,,GCC Specs,,,,,,Muscat,Amerat,Autos,Cars For Sale,,,,
نيسان روج 2022,"6,200 OMR",https://om.opensooq.com/en/search/284839842,https://opensooq-images.os-cdn.com/previews/2048x0/de/f7/def7786228088949fd74ccbd022e3ba352df4a3688487ae1a1eb4d5ceb37076a.jpg,Used,Nissan,Rogue,SV,2022,45000,SUV,,Gasoline,,,,,American Specs,,,,,,Dhofar,Salala,Autos,Cars For Sale,,,,
للبيع بشكل عاجل وسعر قابل للتفاوض سيلفرادو 2018 بالحادث واصله عمان,"3,100 OMR",https://om.opensooq.com/en/search/284864400,https://opensooq-images.os-cdn.com/previews/2048x0/49/09/490955df6e35d090c350d4b05686cacf52ded79ec217a56804a143aa69beb908.jpg,Used,Chevrolet,Silverado,"1,500",2018,400000,PickUp,,Gasoline,,,,,American Specs,,,,,,Muscat,Al Maabilah,Autos,Cars For Sale,,,,
Honda civic 2009 gcc vit oriel,"1,300 OMR",https://om.opensooq.com/en/search/284864582,https://opensooq-images.os-cdn.com/previews/2048x0/37/20/37204e0000109646fb991f291315a8a271150875bc6904c3b9d4c4d0c010ffea.jpg,Used,Honda,Civic,EXI Plus,2008,345000,Sedan,,Gasoline,,,,,GCC Specs,,,,,,Al Batinah,Al Khaboura,Autos,Cars For Sale,,,,
تويوتا فورشنر GXR رقم واحد فول أبشن,"11,400 OMR",https://om.opensooq.com/en/search/284864314,https://opensooq-images.os-cdn.com/previews/2048x0/56/83/5683f423e02e26632081e1f8eda1bc87998a35d3b6b3fdc8a86917dfc119601c.jpg,Used,Toyota,Fortuner,GXR,2023,94000,SUV,,Gasoline,,,,,GCC Specs,,,,,,Al Dakhiliya,Izki,Autos,Cars For Sale,,,,
تاهو بريمير 2020 أعلى فئة خليجي,"14,500 OMR",https://om.opensooq.com/en/search/284864126,https://opensooq-images.os-cdn.com/previews/2048x0/79/62/79620d4b63ead0456d3c5b9574e6c0ec570bb22d07abd0a631f0575411ada0af.jpg,Used,Chevrolet,Tahoe,Premier,2020,165000,SUV,,Gasoline,,,,,GCC Specs,,,,,,Al Batinah,Suwaiq,Autos,Cars For Sale,,,,
اف جي 2009 للبيع بحاله ممتازه,"3,250 OMR",https://om.opensooq.com/en/search/284863574,https://opensooq-images.os-cdn.com/previews/2048x0/6f/72/6f72171baba7e874a8f5944932e5a19e2d3a4ac3c729903171988bcefb1ae7c6.jpg,Used,Toyota,FJ,GXR,2009,400000,SUV,,Gasoline,,,,,GCC Specs,,,,,,Al Dhahirah,Yunqul,Autos,Cars For Sale,,,,
بينتلي فلاينغ سبير( مخزن),"7,500 OMR",https://om.opensooq.com/en/search/284864066,https://opensooq-images.os-cdn.com/previews/2048x0/0b/0e/0b0e43af7fca02585c76f8ac73572c62fd5464afd3311f91a89007c82dc3d5b5.jpg,Used,Bentley,Other,,2006,45000,Sedan,,Gasoline,,,,,GCC Specs,,,,,,Muscat,Al Khoud,Autos,Cars For Sale,,,,
كامري 2019 SE وارد أمريكي,"6,000 OMR",https://om.opensooq.com/en/search/284864038,https://opensooq-images.os-cdn.com/previews/2048x0/92/f6/92f6d0960de43d1bfe049100994875a93971cc32bd93db48fe24b4093ba33512.jpg,Used,Toyota,Camry,SE,2019,200000,Sedan,,Gasoline,,,,,American Specs,,,,,,Muscat,Amerat,Autos,Cars For Sale,,,,
Hyundai Accent 1.6Ltr.  Model 2015,"1,650 OMR",https://om.opensooq.com/en/search/284863924,https://opensooq-images.os-cdn.com/previews/2048x0/0b/2f/0b2fcc610ab6b8173a81aa4cb1648225c3a609bb5a753f3244e6c2756f5ac92c.jpg,Used,Hyundai,Accent,Standard,2015,234934,Sedan,,Gasoline,,,,,GCC Specs,,,,,,Al Dakhiliya,Izki,Autos,Cars For Sale,,,,
تويوتا لاند كروزر GXR جراند تورنج رقم واحد فول أبشن 6سلندر,"15,900 OMR",https://om.opensooq.com/en/search/284864030,https://opensooq-images.os-cdn.com/previews/2048x0/ed/98/ed98e5ebbba34bb2aaddd1ed081565e5664c4dc117eea3c584fd5d0196225ac1.jpg,Used,Toyota,Land Cruiser,GXR,2021,125000,SUV,,Gasoline,,,,,GCC Specs,,,,,,Al Dakhiliya,Izki,Autos,Cars For Sale,,,,
تويوتا كرورلا هايبرد 2020,"4,000 OMR",https://om.opensooq.com/en/search/284863678,https://opensooq-images.os-cdn.com/previews/2048x0/30/6a/306a08a209aab79057ff55c34b146d9d9530834f5cbb16e4e2941378fec7338b.jpg,Used,Toyota,Corolla,Hybrid,2020,123890,Sedan,,Hybrid,,,,,GCC Specs,,,,,,Muscat,Al Maabilah,Autos,Cars For Sale,,,,
لاند كلوزر2003,"2,600 OMR",https://om.opensooq.com/en/search/284863644,https://opensooq-images.os-cdn.com/previews/2048x0/1b/e8/1be890b252f9fa0654f1f37f3a5effd593098be34727f9db4034e979cf3cd09e.jpg,Used,Toyota,Land Cruiser,GXR,2003,3000,SUV,,Gasoline,,,,,GCC Specs,,,,,,Al Sharqiya,Bidiya,Autos,Cars For Sale,,,,
dokker 2018 in doog condition,"2,700 OMR",https://om.opensooq.com/en/search/284863562,https://opensooq-images.os-cdn.com/previews/2048x0/b0/7a/b07a726c6d8b7cfc3b3ba44b8db8f976d088e36754636f2f21d46a8665f3c1e9.jpg,Used,Renault,Dokker,,2018,184000,,,Gasoline,,,,,Other Specs,,,,,,Muscat,Darsait,Autos,Cars For Sale,,,,
راف4 2019 XLE فول مواصفات لؤلؤي / بيج,"7,700 OMR",https://om.opensooq.com/en/search/284863606,https://opensooq-images.os-cdn.com/previews/2048x0/a7/85/a785f308b182606905ed2c81f3e40d3a07b3eda47e876a896e07d08c1a37fcc6.jpg,Used,Toyota,RAV 4,XLE,2019,139000,SUV,,Gasoline,,,,,American Specs,,,,,,Al Dhahirah,Ibri,Autos,Cars For Sale,,,,
تيوتا كامري للبيع 2019,"4,800 OMR",https://om.opensooq.com/en/search/284774600,https://opensooq-images.os-cdn.com/previews/2048x0/0b/92/0b92f740caccb370283b6d7378424e89ce95df8b48d9494e478b3503f3d4e90b.jpg,Used,Toyota,Camry,SE,2019,265154,Sedan,,Gasoline,,,,,Other Specs,,,,,,Al Batinah,Sohar,Autos,Cars For Sale,,,,
لكسز RX 350  - 2019,"10,900 OMR",https://om.opensooq.com/en/search/284863040,https://opensooq-images.os-cdn.com/previews/2048x0/45/3f/453fdaa974c900536966f34ace67049d128618110685863e20e283ddef4b302c.jpg,Used,Lexus,RX,RX 350,2019,90000,SUV,,Gasoline,,,,,American Specs,,,,,,Al Batinah,Rustaq,Autos,Cars For Sale,,,,
لكزس صالون,"4,900 OMR",https://om.opensooq.com/en/search/284863134,https://opensooq-images.os-cdn.com/previews/2048x0/9b/57/9b57d876e0919c17d4d81924de00fec607afc6fb98b4bdd3f5b92d9068f0675e.jpg,Used,Lexus,ES,ES 350,2014,155689,Sedan,,Gasoline,,,,,American Specs,,,,,,Al Sharqiya,Dima and Al Taaiyin,Autos,Cars For Sale,,,,
تويوتا كامري 2023,"6,900 OMR",https://om.opensooq.com/en/search/284813662,https://opensooq-images.os-cdn.com/previews/2048x0/3e/01/3e0135f05dd82f7e2be4490d510141ab8214ad5b79e61a43f1309a397e3bf58c.jpg,Used,Toyota,Camry,SE,2023,10010,Sedan,,Gasoline,,,,,American Specs,,,,,,Al Batinah,Al Masnaah,Autos,Cars For Sale,,,,
تسلا مودل Y 2024 لونج رينج الدفع الكلي خليج,"9,500 OMR",https://om.opensooq.com/en/search/284862574,https://opensooq-images.os-cdn.com/previews/2048x0/c8/6c/c86cd8b4e45c11012b1d4a46d1688d7340e707e85045446795df069b82c188df.jpg,Used,Tesla,Model Y,Long Range,2024,99200,SUV,,Electric,,,,,GCC Specs,,,,,,Muscat,Azaiba,Autos,Cars For Sale,,,,
تاكوما 2020,"8,500 OMR",https://om.opensooq.com/en/search/284862422,https://opensooq-images.os-cdn.com/previews/2048x0/87/3d/873db19109733c9578c994071757510c9ac1e1014b1acaeb1683cebfaa0766e2.jpg,Used,Toyota,Tacoma,TRD Sport,2020,145586,PickUp,,Gasoline,,,,,American Specs,,,,,,Al Sharqiya,Dima and Al Taaiyin,Autos,Cars For Sale,,,,
Nissan Tiida 2011,900 OMR,https://om.opensooq.com/en/search/284862750,https://opensooq-images.os-cdn.com/previews/2048x0/72/ff/72ffea7215357164000e5efe59a19530baf7125e90937714a570d4579836f02c.jpg,Used,Nissan,Tiida,,2011,186200,Sedan,,Gasoline,,,,,GCC Specs,,,,,,Dhofar,Salala,Autos,Cars For Sale,,,,
جينيسس G70,"5,100 OMR",https://om.opensooq.com/en/search/284862488,https://opensooq-images.os-cdn.com/previews/2048x0/41/42/4142e09c538ed5fe04df0f74f1e4c58c146f96a67207ae2d5def0119ed6adc5c.jpg,Used,Genesis,G70,,2021,80000,Sedan,,Gasoline,,,,,American Specs,,,,,,Dhofar,Salala,Autos,Cars For Sale,,,,
تويوتا يارس هاتشباك للبيع,"2,300 OMR",https://om.opensooq.com/en/search/284862340,https://opensooq-images.os-cdn.com/previews/2048x0/ef/3e/ef3eda654d456f4b2184385b8497517c12af85c59d65229101b72d2f7334bea7.jpg,Used,Toyota,Yaris,SE,2014,260000,HatchBack,,Gasoline,,,,,GCC Specs,,,,,,Muscat,Amerat,Autos,Cars For Sale,,,,
Volkswagen Jetta 2024 فولجس فاجن جيتا,"4,380 OMR",https://om.opensooq.com/en/search/284862406,https://opensooq-images.os-cdn.com/previews/2048x0/b0/0e/b00e952b9eeb21ee466796af225c015168e21b442fc0aef66efc226db4c19012.jpg,Used,Volkswagen,Jetta,S,2024,21146,Sedan,,Gasoline,,,,,American Specs,,,,,,Muscat,Al Khoud,Autos,Cars For Sale,,,,
G70 وارد امريكي  حادث بسيط,"5,800 OMR",https://om.opensooq.com/en/search/284840082,https://opensooq-images.os-cdn.com/previews/2048x0/b6/43/b643365e273aacbe81c6cf9e424bccd0a79e23e654743ee29be90edef73a3827.jpg,Used,Genesis,G70,,2021,70000,Sedan,,Gasoline,,,,,American Specs,,,,,,Dhofar,Salala,Autos,Cars For Sale,,,,
F150 lariat 2018 استخدام شخصي الموديل : 2018,"8,500 OMR",https://om.opensooq.com/en/search/284862008,https://opensooq-images.os-cdn.com/previews/2048x0/96/02/960273a9577da03c86da9d1e4a923622fc04c1b3d370e625438ed5a4c8cbccee.jpg,Used,Ford,F-150,Lariat,2018,2500,PickUp,,Gasoline,,,,,GCC Specs,,,,,,Muscat,Seeb,Autos,Cars For Sale,,,,
هونداي النترا 2004,500 OMR,https://om.opensooq.com/en/search/284862092,https://opensooq-images.os-cdn.com/previews/2048x0/6b/d2/6bd233686ef530def37c8c5fdb845c76ebec4f215e8c31f29903245ae4b59d54.jpg,Used,Hyundai,Elantra,GLS,2005,9999,Sedan,,Gasoline,,,,,GCC Specs,,,,,,Al Batinah,Sohar,Autos,Cars For Sale,,,,
GMC SLE 2020,"9,500 OMR",https://om.opensooq.com/en/search/284861962,https://opensooq-images.os-cdn.com/previews/2048x0/42/06/4206cab962566d7915cd0c66e0ffb7c9280845f13cce490ed3fcaf9a749581da.jpg,Used,GMC,Sierra,"1,500 SLE",2020,163000,PickUp,,Gasoline,,,,,American Specs,,,,,,Muscat,Muttrah,Autos,Cars For Sale,,,,
تويوتا اڤالون خليجي 2011,"2,800 OMR",https://om.opensooq.com/en/search/284861136,https://opensooq-images.os-cdn.com/previews/2048x0/07/c7/07c750fa15f1e6b4ceb273ff51f57e2d938d3f6dfe18cfedb34834f4afaa7b5b.jpg,Used,Toyota,Avalon,XLE,2011,322000,Sedan,,Gasoline,,,,,GCC Specs,,,,,,Muscat,Al Maabilah,Autos,Cars For Sale,,,,
خليجي RX450 L بدون حوادث ولاصبغ سبع مقاعد شبه جديدة رادار خمس كاميرات تكيف مقاعد لارج أوبشن,"10,700 OMR",https://om.opensooq.com/en/search/284861984,https://opensooq-images.os-cdn.com/previews/2048x0/3f/2d/3f2d6b373bdffe26fcde1d5e5ec2072f85abc5a5ee990ea894262119a74618fb.jpg,Used,Lexus,RX,RX 450h,2018,115000,SUV,,Hybrid,,,,,GCC Specs,,,,,,Al Batinah,Barka,Autos,Cars For Sale,,,,
نيسان التيما 2020 S,"3,300 OMR",https://om.opensooq.com/en/search/284861910,https://opensooq-images.os-cdn.com/previews/2048x0/77/69/776944a1d49236a4ad5665224b978dc973d1d9e3eb3f6ee9d371ec2716d91cb2.jpg,Used,Nissan,Altima,S,2020,138700,Sedan,,Gasoline,,,,,American Specs,,,,,,Muscat,Amerat,Autos,Cars For Sale,,,,
التيما 2005,450 OMR,https://om.opensooq.com/en/search/284861772,https://opensooq-images.os-cdn.com/previews/2048x0/53/1c/531c1434776d21ed186ed18aeaa0214e94154d5cd5694c2768befb2229dde2a9.jpg,Used,Nissan,Altima,S,2005,50000,Sedan,,Gasoline,,,,,American Specs,,,,,,Al Batinah,Sohar,Autos,Cars For Sale,,,,
انفينيتي f35 ستة سلندر خليجي المستخدم الاول خليجي,"2,300 OMR",https://om.opensooq.com/en/search/284861476,https://opensooq-images.os-cdn.com/previews/2048x0/04/43/0443847263c15f64ca9eb331838a16eecc46261a1fe47e4bb233b9852bb88841.jpg,Used,Infiniti,FX35,Standard,2010,300000,HatchBack,,Gasoline,,,,,GCC Specs,,,,,,Muscat,Seeb,Autos,Cars For Sale,,,,
للبيع مكسيما 2002 قير عادي نظيف جدآ وبدون حوادث,550 OMR,https://om.opensooq.com/en/search/284861218,https://opensooq-images.os-cdn.com/previews/2048x0/01/91/0191336b0d8fe695ac0eb441dfc883d578e7fef11278a6739f453b78e6c28a7b.heic,Used,Nissan,Maxima,S,2002,300000,Sedan,,Gasoline,,,,,GCC Specs,,,,,,Al Batinah,Shinas,Autos,Cars For Sale,,,,
تويوتا كامري 2018 V6 xse,"6,500 OMR",https://om.opensooq.com/en/search/284861166,https://opensooq-images.os-cdn.com/previews/2048x0/b4/2b/b42bd2d79e0f2be7cd355323a465d615a02ae85647e703104ddd15d90f8d7636.jpg,Used,Toyota,Camry,XSE,2018,192000,Sedan,,Gasoline,,,,,American Specs,,,,,,Al Batinah,Barka,Autos,Cars For Sale,,,,
للبيع سياره تويوتا هايلكس 2023 جير عادي,"7,400 OMR",https://om.opensooq.com/en/search/284861032,https://opensooq-images.os-cdn.com/previews/2048x0/89/35/8935a11df9c9bae8f7a98d5ac04f0f78772b8f0e074115b5cca4e60309eaf6a7.jpg,Used,Toyota,Hilux,Standard,2023,130000,PickUp,,Gasoline,,,,,GCC Specs,,,,,,Muscat,Qurm,Autos,Cars For Sale,,,,
للبيع هوينداي اكسنت 2017,"2,200 OMR",https://om.opensooq.com/en/search/284860594,https://opensooq-images.os-cdn.com/previews/2048x0/98/15/9815cf78c6b17058915fc783ba9cc62ed959bbc3ead04d53acfa7491bacd8f00.jpg,Used,Hyundai,Accent,SE,2017,79000,Sedan,,Gasoline,,,,,American Specs,,,,,,Muscat,Bosher,Autos,Cars For Sale,,,,
BMW M5 G90 2025/2026 وكالة عمان,"53,500 OMR",https://om.opensooq.com/en/search/284852202,https://opensooq-images.os-cdn.com/previews/2048x0/5e/b0/5eb0ac1cc84edd255961ffd1de7f7711af9291246098273d46f9750fe0e11f61.jpg,Used,BMW,5 Series,M5,2025,22000,Sedan,,Mild Hybrid,,,,,GCC Specs,,,,,,Muscat,Qurm,Autos,Cars For Sale,,,,
باجيرو 2008 للبحر او اضحتب العزب مكنسله,850 OMR,https://om.opensooq.com/en/search/284860404,https://opensooq-images.os-cdn.com/previews/2048x0/96/00/9600cbd7d18b045063f44696e22a342816bd62278f23d5d6e315fbd63dfc83d2.jpg,Used,Mitsubishi,Pajero,GLS,2008,300000,SUV,,Gasoline,,,,,Other Specs,,,,,,Al Batinah,Suwaiq,Autos,Cars For Sale,,,,
فرصة رافور XLE 2019 رقم 1 بأفضل سعر فالسوق,"3,770 OMR",https://om.opensooq.com/en/search/284860634,https://opensooq-images.os-cdn.com/previews/2048x0/77/27/772789eb0acf8d99f0ad724ef47143ef3898d0bdcacb9d451af14f3909f7d09d.jpg,Used,Toyota,RAV 4,XLE,2019,93000,SUV,,Gasoline,,,,,American Specs,,,,,,Al Batinah,Saham,Autos,Cars For Sale,,,,
صفقة لكزس ES 350 2020 رقم 1 بأفضل سعر فالسوق,"4,790 OMR",https://om.opensooq.com/en/search/284860258,https://opensooq-images.os-cdn.com/previews/2048x0/e7/2b/e72b98dd63bc5af30e4718ed7ee7a11674bd530ea158b3678e0a5eeea1663499.jpg,Used,Lexus,ES,ES 350,2020,63000,Sedan,,Gasoline,,,,,American Specs,,,,,,Al Batinah,Saham,Autos,Cars For Sale,,,,
لكزس ال اس 460 نضيف جداً,"2,300 OMR",https://om.opensooq.com/en/search/284860232,https://opensooq-images.os-cdn.com/previews/2048x0/70/4b/704bb00bea6b22cebbe460297244d580554c763a4a8b2e927f3789f5750890eb.jpg,Used,Lexus,LS,LS 460,2008,999999,Sedan,,Gasoline,,,,,American Specs,,,,,,Buraimi,Al Buraimi,Autos,Cars For Sale,,,,
هونداي النترا نظيفة جدا بسعر مغري للبيع,"1,400 OMR",https://om.opensooq.com/en/search/284860098,https://opensooq-images.os-cdn.com/previews/2048x0/3a/f2/3af2ce1cf6091cea0c442d272315c4f7ce12e5b277f5c71bea0ec72344b70d3f.jpg,Used,Hyundai,Elantra,GL,2011,392000,Sedan,,Gasoline,,,,,GCC Specs,,,,,,Muscat,sultan haitham city,Autos,Cars For Sale,,,,
للبيع  كيا أوبتيما 2011,"1,500 OMR",https://om.opensooq.com/en/search/284859688,https://opensooq-images.os-cdn.com/previews/2048x0/f3/84/f38422f8affbc11031003b8219a04870799600b109964df6366bf028e7931387.jpg,Used,Kia,Optima,EX,2011,420000,Sedan,,Gasoline,,,,,GCC Specs,,,,,,Muscat,Amerat,Autos,Cars For Sale,,,,
أم جي موديل 2015 سياره في قمة النظافه /MG 750EY,"1,300 OMR",https://om.opensooq.com/en/search/284859762,https://opensooq-images.os-cdn.com/previews/2048x0/1b/e6/1be6f3605e9560d98ad0951ce0c195af645eb589e611630f47080d9c5200c529.jpg,Used,MG,Other,,2015,192000,Sedan,,Gasoline,,,,,Chinese Specs,,,,,,Muscat,Bosher,Autos,Cars For Sale,,,,
مستبيشي لانسر GL 2016,"1,950 OMR",https://om.opensooq.com/en/search/284859130,https://opensooq-images.os-cdn.com/previews/2048x0/c1/63/c1639604f0358bfc88988e5c065eff4ab8c75c0ff6d09fec89984e8ca7b5bb02.jpg,Used,Mitsubishi,Lancer,GL,2016,218000,Sedan,,Gasoline,,,,,GCC Specs,,,,,,Muscat,Amerat,Autos,Cars For Sale,,,,
للبيع الجديد كليا زيرو بسعر اقل من الوكالة هونشي H6 موديل 2025 وكالة عمان اعلى فئة رقم 1,"11,950 OMR",https://om.opensooq.com/en/search/284859358,https://opensooq-images.os-cdn.com/previews/2048x0/76/6b/766b4e972afe62db9f04e4ab52cff256427ff91ae7c71da18b5f584856dde513.jpg,New,Hongqi,H9,2T Standard,2025,0,Sedan,,Gasoline,,,,,GCC Specs,,,,,,Muscat,Azaiba,Autos,Cars For Sale,,,,
للبيع بنتلي كونتينتال 2013,"17,300 OMR",https://om.opensooq.com/en/search/284859294,https://opensooq-images.os-cdn.com/previews/2048x0/95/26/9526cdc02d49939e123ff148c384f093cf3202ca5052e8721ef8af376cd61299.jpg,Used,Bentley,Continental,GT,2013,61000,Coupe,,Gasoline,,,,,GCC Specs,,,,,,Muscat,Azaiba,Autos,Cars For Sale,,,,
RENAULT MEGANE  2023  OMAN CAR  EXCELENT CONDITION,"3,150 OMR",https://om.opensooq.com/en/search/284859196,https://opensooq-images.os-cdn.com/previews/2048x0/2d/ea/2deaeb7abddaabecf6c3af367ffa2867a523098634f95702143f0497615c8263.jpg,Used,Renault,Megane,Standard,2023,118000,SUV,,Gasoline,,,,,GCC Specs,,,,,,Muscat,Ghala,Autos,Cars For Sale,,,,
أكسنت خليجي 2012,"1,500 OMR",https://om.opensooq.com/en/search/284858762,https://opensooq-images.os-cdn.com/previews/2048x0/a7/ec/a7ecf8ae34b9406f20f213aff3f771046bb549b399ac801972bc5f0f4fca83c1.jpg,Used,Hyundai,Accent,Standard,2012,300000,Sedan,,Gasoline,,,,,GCC Specs,,,,,,Al Batinah,Suwaiq,Autos,Cars For Sale,,,,
اكسترا مديل 2014 مكنسل من شرطة بسبب رقم الشاصي,"2,500 OMR",https://om.opensooq.com/en/search/284858842,https://opensooq-images.os-cdn.com/previews/2048x0/d6/ad/d6adf0903ca0aa8da82b53431c94cea6abc846a88011ad250b7541e0a5c32597.jpg,Used,Nissan,X-Terra,Standard,2014,290000,SUV,,Gasoline,,,,,GCC Specs,,,,,,Al Dakhiliya,Bahla,Autos,Cars For Sale,,,,
تويوتا تاكوما,"9,700 OMR",https://om.opensooq.com/en/search/284857956,https://opensooq-images.os-cdn.com/previews/2048x0/63/d2/63d2cd3d1baf1ffbb930453821cbe605cae23bcc035789a0f2343fde4c84c934.jpg,Used,Toyota,Tacoma,TRD Off-Road,2020,156011,PickUp,,Gasoline,,,,,American Specs,,,,,,Al Batinah,Suwaiq,Autos,Cars For Sale,,,,
للبيع تشارجير 2020 GT بحادث بسيط والحاد فاله طيب,"4,300 OMR",https://om.opensooq.com/en/search/284858770,https://opensooq-images.os-cdn.com/previews/2048x0/36/d4/36d4c5dcf5f3790513c4f2b49aa9d870a96e671f85703c82d9c05c6b92181ade.jpg,Used,Dodge,Charger,GT,2020,156000,Sedan,,Gasoline,,,,,American Specs,,,,,,Al Batinah,Sohar,Autos,Cars For Sale,,,,
تويوتا كامري LE موديل 2015 للبيع,"2,900 OMR",https://om.opensooq.com/en/search/284858284,https://opensooq-images.os-cdn.com/previews/2048x0/27/d3/27d349542f9d7975438fd53eb55f83f56f3e980e1f978ef6c32135ecf39a341b.jpg,Used,Toyota,Camry,LE,2015,181000,Sedan,,Gasoline,,,,,American Specs,,,,,,Al Batinah,Barka,Autos,Cars For Sale,,,,
نيسان صني للبيع,"1,400 OMR",https://om.opensooq.com/en/search/284858258,https://opensooq-images.os-cdn.com/previews/2048x0/24/11/241134094f10feddbc81114b66ebdaccb55e635aa24853e428a5dbb3c13d0612.jpg,Used,Nissan,Sunny,S,2016,250369,Sedan,,Gasoline,,,,,GCC Specs,,,,,,Muscat,Al Khoud,Autos,Cars For Sale,,,,
كامري تيوتا 2015 SE وارد كندا,"2,900 OMR",https://om.opensooq.com/en/search/284858354,https://opensooq-images.os-cdn.com/previews/2048x0/4e/2f/4e2f91a96a34174c314895d8d6f958e74555d46aab37eedd0e2dd3c1538fc18b.jpg,Used,Toyota,Camry,SE,2015,367024,Sedan,,Gasoline,,,,,American Specs,,,,,,Al Dhahirah,Yunqul,Autos,Cars For Sale,,,,
BMW 740 li,"8,500 OMR",https://om.opensooq.com/en/search/284858168,https://opensooq-images.os-cdn.com/previews/2048x0/80/df/80dff9329a49e5b94e00c6ccef15f2cabc8d718fd21725bc896460b49b1cc953.jpg,Used,BMW,7 Series,740i Sedan,2018,176000,Sedan,,Gasoline,,,,,GCC Specs,,,,,,Muscat,Muttrah,Autos,Cars For Sale,,,,
Renault Safrane 2013 Sedan White,900 OMR,https://om.opensooq.com/en/search/284858108,https://opensooq-images.os-cdn.com/previews/2048x0/8e/dd/8eddf854d0dead3caab372dfbd62f7767846945834f48fb9158e943b08903d43.jpg,Used,Renault,Safrane,RN,2013,185000,Sedan,,Gasoline,,,,,GCC Specs,,,,,,Muscat,Al Mawaleh,Autos,Cars For Sale,,,,
للبيع كامري 2018 بحاله الوكاله للبيع او البدل,"5,600 OMR",https://om.opensooq.com/en/search/284857870,https://opensooq-images.os-cdn.com/previews/2048x0/cb/3a/cb3a34ec960069f0b7b60ebcbefceea6a73bba7e282f34d5d5530efffb43ec19.jpg,Used,Toyota,Camry,LE,2018,230000,Sedan,,Gasoline,,,,,American Specs,,,,,,Al Dhahirah,Ibri,Autos,Cars For Sale,,,,
فورد اكسبلورر,"6,600 OMR",https://om.opensooq.com/en/search/284857414,https://opensooq-images.os-cdn.com/previews/2048x0/92/bd/92bd2fe6db4faf4886a6931ed15526f9a56ad705c6d17a4ea634e59d021153da.jpg,Used,Ford,Explorer,XLT,2020,114000,HatchBack,,Gasoline,,,,,American Specs,,,,,,Al Dakhiliya,Nizwa,Autos,Cars For Sale,,,,
كيا سيدونا 2020,"4,500 OMR",https://om.opensooq.com/en/search/284801038,https://opensooq-images.os-cdn.com/previews/2048x0/2e/c9/2ec9ceae4e74288307f33ac3ba46346f18cbc7c62c91e0fe137ab22c56d748fd.jpg,Used,Kia,Sedona,LX,2020,120000,,,Gasoline,,,,,American Specs,,,,,,Dhofar,Salala,Autos,Cars For Sale,,,,
كيا اوبتيما خليجي وكالة عمان,"3,250 OMR",https://om.opensooq.com/en/search/284857196,https://opensooq-images.os-cdn.com/previews/2048x0/dc/6e/dc6ebd29b67812e55164414acfaddd9e89873ded6aa29e38673a5bb9d7e8e313.jpg,Used,Kia,Optima,EX,2018,140000,Sedan,,Gasoline,,,,,GCC Specs,,,,,,Muscat,Al-Hail,Autos,Cars For Sale,,,,
نيسان صني 1998,600 OMR,https://om.opensooq.com/en/search/284856974,https://opensooq-images.os-cdn.com/previews/2048x0/85/82/85821a43159b35763bad75911a0a07d03cd03f21a7bf0c2fe7893f17c42107e2.jpg,Used,Nissan,Sunny,Standard,1998,1100,Sedan,,Gasoline,,,,,GCC Specs,,,,,,Al Dakhiliya,Other,Autos,Cars For Sale,,,,
Mitsubishi Destinator top model 2026,"1,500 OMR",https://om.opensooq.com/en/search/284856780,https://opensooq-images.os-cdn.com/previews/2048x0/ce/91/ce91561e2e8c8c862dc8338a88642e9e411033f7d63a0b94d723b985b64aa1d3.jpg,Used,Mitsubishi,Other,,2026,14000,SUV,,Gasoline,,,,,GCC Specs,,,,,,Muscat,Darsait,Autos,Cars For Sale,,,,
النترا وراد 2016,"1,750 OMR",https://om.opensooq.com/en/search/284856420,https://opensooq-images.os-cdn.com/previews/2048x0/ca/a0/caa014b9b4daa0e03b433927025ba47e26dc55226d1889b9be2cf42428561f51.jpg,Used,Hyundai,Elantra,GL MID,2016,160000,Sedan,,Gasoline,,,,,American Specs,,,,,,Muscat,Al Maabilah,Autos,Cars For Sale,,,,
GMC Yukon Denali 2013,"3,500 OMR",https://om.opensooq.com/en/search/284856230,https://opensooq-images.os-cdn.com/previews/2048x0/dc/3e/dc3ebd5d7db55a46f94a504e9d9200b527a4274e93cbb82f538b2f86ed92f284.jpg,Used,GMC,Yukon,Denali,2013,300000,Sedan,,Gasoline,,,,,American Specs,,,,,,Muscat,Al Mawaleh,Autos,Cars For Sale,,,,
ام جي 3 وكالة عمان المستخدم الاول  MG3 Oman agency 1st owner,"3,950 OMR",https://om.opensooq.com/en/search/284849944,https://opensooq-images.os-cdn.com/previews/2048x0/c3/1e/c31e29f557aa66abc8155d0e44c896ee6506266f300f5bf8236b56bafd7bad14.jpg,Used,MG,MG 3,,2026,10500,HatchBack,,Gasoline,,,,,GCC Specs,,,,,,Muscat,Qurm,Autos,Cars For Sale,,,,
نيسان باثفندر SL 2019 دفع رباعي  نظافة ممتازة وسعر مغري,"4,850 OMR",https://om.opensooq.com/en/search/284833932,https://opensooq-images.os-cdn.com/previews/2048x0/f7/5e/f75e81252f8326be0bbea6a4fcbd67a65e1a61b798a145f52facc70ff6f54982.jpg,Used,Nissan,Pathfinder,SL,2019,78000,SUV,,Gasoline,,,,,American Specs,,,,,,Muscat,Azaiba,Autos,Cars For Sale,,,,
فور توريس 2016 نظيف وبدون مشاكل,"2,200 OMR",https://om.opensooq.com/en/search/284855736,https://opensooq-images.os-cdn.com/previews/2048x0/7e/a4/7ea416ae66711ac45cb376faaec54c7efe03e2b561d0a6acc62a73c4a7cf966d.jpg,Used,Ford,Taurus,SE,2016,390000,Sedan,,Gasoline,,,,,American Specs,,,,,,Al Dakhiliya,Izki,Autos,Cars For Sale,,,,
جاكور s type,"1,000 OMR",https://om.opensooq.com/en/search/284855218,https://opensooq-images.os-cdn.com/previews/2048x0/11/e8/11e8a30f5bc96f760a54e26f3010b5f8ab2d7676bc25144ef6d78f7a0033c813.jpg,Used,Jaguar,S-Type,Standard,2008,170000,Sedan,,Gasoline,,,,,GCC Specs,,,,,,Muscat,Amerat,Autos,Cars For Sale,,,,
MG ZST 2022 MODEL,"4,000 OMR",https://om.opensooq.com/en/search/284855686,https://opensooq-images.os-cdn.com/previews/2048x0/1b/59/1b591a5f84122e4586b5cb4a35c62f2de5996fa475170cff941b85b5835da412.jpg,Used,MG,MG ZS,,2022,110000,SUV,,Gasoline,,,,,GCC Specs,,,,,,Muscat,Madinat As Sultan Qaboos,Autos,Cars For Sale,,,,
لاندكروزر 6سلندر بدون توربو موديل 2022,"20,900 OMR",https://om.opensooq.com/en/search/284855230,https://opensooq-images.os-cdn.com/previews/2048x0/b4/89/b489f4b47cc15ea61a7049304d0f318d7d82083ff07a7be9b05547d133b42eb4.jpg,Used,Toyota,Land Cruiser,GXR,2022,120000,SUV,,Gasoline,,,,,GCC Specs,,,,,,Muscat,Qurm,Autos,Cars For Sale,,,,
لاندكروزر خليجي بدون توربو موديل 2022,"18,500 OMR",https://om.opensooq.com/en/search/284728476,https://opensooq-images.os-cdn.com/previews/2048x0/94/dc/94dcaee0417d076d3ddbe3a6fa5cd35bfff8d47c203f1c92c66de79ce90ef4b0.jpg,Used,Toyota,Land Cruiser,GXR,2022,90000,SUV,,Gasoline,,,,,GCC Specs,,,,,,Muscat,Qurm,Autos,Cars For Sale,,,,
سلفرادو 2019 (RST) خليجي للبيع فقط,"9,850 OMR",https://om.opensooq.com/en/search/284854688,https://opensooq-images.os-cdn.com/previews/2048x0/96/e6/96e6acc251689c5a85d6579aa50ac16df9b37c7f50841262f68b37dec482d87b.jpg,Used,Chevrolet,Silverado,"1,500 RST",2019,220000,PickUp,,Gasoline,,,,,GCC Specs,,,,,,Al Dhahirah,Yunqul,Autos,Cars For Sale,,,,
KIA RIO 2014,"1,200 OMR",https://om.opensooq.com/en/search/284853202,https://opensooq-images.os-cdn.com/previews/2048x0/b5/26/b526ce27455d06d423485dff9f9135b0b4da339ca42c4f5670db4eadd15c7392.jpg,Used,Kia,Rio,EX,2014,253000,Sedan,,Gasoline,,,,,Other Specs,,,,,,Muscat,Al Khoud,Autos,Cars For Sale,,,,
للبيع فورتشنر وكالة عمان بدون حوادث ولا صبغ سرفس وكاله  من مستخدم لاول,"11,400 OMR",https://om.opensooq.com/en/search/284853026,https://opensooq-images.os-cdn.com/previews/2048x0/e1/5e/e15e31da7c8f2b30f9f81eb179925e34b811d5d14a71b96326a609fc3558f76b.jpg,Used,Toyota,Fortuner,SR5,2020,130000,SUV,,Gasoline,,,,,GCC Specs,,,,,,Al Batinah,Barka,Autos,Cars For Sale,,,,
سوزوكي فيتارا 2016 نظيفة جدا,"2,600 OMR",https://om.opensooq.com/en/search/284853694,https://opensooq-images.os-cdn.com/previews/2048x0/83/95/839522081531bc53af4e44753721ddb2260e6565047bb37ba7d4b439673dea3e.jpg,Used,Suzuki,Vitara,GLX,2016,200000,SUV,,Gasoline,,,,,GCC Specs,,,,,,Muscat,Wadi Al Kabir,Autos,Cars For Sale,,,,
للبيع كاديلاك نظيف جدا موديل 2020,"6,900 OMR",https://om.opensooq.com/en/search/284853372,https://opensooq-images.os-cdn.com/previews/2048x0/24/19/2419159737af1d177f6f2303d9b43a60635fa862820b8ab8560069f2573ee88e.jpg,Used,Cadillac,XT5,Luxury AWD,2020,201111,HatchBack,,Gasoline,,,,,American Specs,,,,,,Muscat,Ansab,Autos,Cars For Sale,,,,
للبيع جيلي امجراند اي سي موديل 2015,950 OMR,https://om.opensooq.com/en/search/284853252,https://opensooq-images.os-cdn.com/previews/2048x0/69/7f/697f916507b288c70e8e4e7e8d2028ff93994da2c7215e4df50c145b658af0d3.jpg,Used,Geely,Emgrand,X7,2015,181140,Sedan,,Gasoline,,,,,GCC Specs,,,,,,Muscat,Amerat,Autos,Cars For Sale,,,,
مكسيما بلاتينيوم  بانوراما 2016  نظيفه سيرفس كامل  2900 ريال,"2,900 OMR",https://om.opensooq.com/en/search/284853088,https://opensooq-images.os-cdn.com/previews/2048x0/2b/f2/2bf27601a01b3a81e39c23825282629021472ba70631a62ecb2fffac86365ec6.jpg,Used,Nissan,Maxima,S,2016,20000,Sedan,,Gasoline,,,,,GCC Specs,,,,,,Muscat,Other,Autos,Cars For Sale,,,,
لكزس 430 ls,"1,400 OMR",https://om.opensooq.com/en/search/284852718,https://opensooq-images.os-cdn.com/previews/2048x0/d0/3d/d03d20edc7846b4f514daa16b63ea11748dc4226e11c22f718e9e84b0569133e.jpg,Used,Lexus,LS,LS 430,2001,50000,Sedan,,Gasoline,,,,,Japanese Specs,,,,,,Muscat,Qurm,Autos,Cars For Sale,,,,
سوناتا للبيع 2015,"1,900 OMR",https://om.opensooq.com/en/search/284852786,https://opensooq-images.os-cdn.com/previews/2048x0/42/43/4243c5b6dc66dbe8acf843a4c62fe4ee9bdbe13ec90f60ebf6361e90b016804e.jpg,Used,Hyundai,Sonata,SE,2015,199106,SUV,,Gasoline,,,,,American Specs,,,,,,Muscat,Amerat,Autos,Cars For Sale,,,,
Sunata 2011,"1,200 OMR",https://om.opensooq.com/en/search/284852844,https://opensooq-images.os-cdn.com/previews/2048x0/f0/a8/f0a8f6b846812c3883c49c6e9cfb08e2b41b6aa4e6f6da77fcd3626ff78bdade.jpg,Used,Hyundai,Sonata,GL,2011,1000,Sedan,,Gasoline,,,,,American Specs,,,,,,Al Batinah,Al Masnaah,Autos,Cars For Sale,,,,
ميتسوبيشي جالنت  2010,800 OMR,https://om.opensooq.com/en/search/284852872,https://opensooq-images.os-cdn.com/previews/2048x0/e2/b4/e2b4ef3c659d1f9e5c04f70541f2fc3e2506a62688c0722e49d9ad4f7a9a2b47.jpg,Used,Mitsubishi,Galant,Standard,2010,470000,Sedan,,Gasoline,,,,,GCC Specs,,,,,,Muscat,Al Khoud,Autos,Cars For Sale,,,,
